alt,time,vs,hs,dist,ang,weight,acc,fuel
13748.0,0.0,24.8,932.0,181000.0,58.3,286.0,0.0,121.0
13722.467237647059,1.0,25.532762352941177,932.0,180068.0,80.0,285.889,1.1018262332583624,120.889
13696.393043058688,2.0,26.07419458837142,930.9149129830149,179137.08508701698,80.0,285.778,1.102254197313999,120.77799999999999
13669.776455249394,3.0,26.616587809294796,929.8294045037098,178207.25568251326,80.0,285.667,1.1026824939527493,120.66699999999999
13642.61651288931,4.0,27.159942360083488,928.7434742345544,177278.5122082787,80.0,285.556,1.1031111235624536,120.55599999999998
13614.912254303956,5.0,27.704258585354836,927.6571218476361,176350.85508643105,80.0,285.445,1.103540086531556,120.44499999999998
13586.662717473984,6.0,28.249536829971596,926.57034701466,175424.28473941638,80.0,285.33399999999995,1.1039693832491049,120.33399999999997
13557.866940034943,7.0,28.795777439042197,925.4831494069482,174498.80159000945,80.0,285.22299999999996,1.1043990141047533,120.22299999999997
13528.523959277021,8.0,29.342980757921005,924.3955286954388,173574.40606131402,80.0,285.11199999999997,1.1048289794887625,120.11199999999997
13498.632812144813,9.0,29.891147132208577,923.3074845506857,172651.09857676332,80.0,285.001,1.105259279792001,120.00099999999996
13468.192535237062,10.0,30.44027690775193,922.2190166428578,171728.87956012046,80.0,284.89,1.1056899154059463,119.88999999999996
13437.202164806416,11.0,30.9903704306448,921.1301246417386,170807.74943547873,80.0,284.77899999999994,1.106120886722687,119.77899999999995
13405.660736759188,12.0,31.5414280472279,920.0408082167253,169887.708627262,80.0,284.66799999999995,1.1065521941349223,119.66799999999995
13373.5672866551,13.0,32.093450104089186,918.9510670368286,168968.75756022517,80.0,284.55699999999996,1.106983838035965,119.55699999999995
13340.920849707036,14.0,32.64643694806412,917.8609007706716,168050.8966594545,80.0,284.4459999999999,1.1074158188197412,119.44599999999994
13307.7204607808,15.0,33.20038892623594,916.7703090864895,167134.12635036802,80.0,284.33022382266154,1.1555367289273821,119.33022382266151
13273.994788726925,16.0,33.72567205387601,915.6362999909891,166218.49005037703,78.92304339215596,284.20105704252444,1.2897713325880482,119.20105704252444
13239.828818288897,17.0,34.16597043802739,914.3838628722505,165304.10618750477,76.1806382827144,284.05705844269215,1.4386006721329163,119.05705844269214
13205.325613016726,18.0,34.50320527217055,913.0056207225441,164391.10056678223,73.34413965447034,283.8974128452087,1.5958169982683519,118.89741284520868
13170.605260127724,19.0,34.72035288900267,911.5017071421953,163479.59885964004,70.46027085646308,283.7217207942265,1.7573048291435467,118.72172079422648
13135.801511855689,20.0,34.803748272036046,909.876696392217,162569.72216324782,67.6258138754119,283.53006141560354,1.9183088873086565,118.53006141560353
13101.056935909291,21.0,34.74457594639694,908.1392067638143,161661.582956484,64.92317158001036,283.32301298764196,2.0738515270548477,118.32301298764195
13066.516535457418,22.0,34.540400451873644,906.3007757278641,160755.28218075613,62.43439158201241,283.1016495328778,2.21896830654555,118.10164953287779
13032.320436735712,23.0,34.196098721705965,904.374553344658,159850.90762741148,60.235263203265475,282.86750804979016,2.348999235347331,117.86750804979015
12998.59638400502,24.0,33.72405273069158,902.3740466530951,158948.53358075838,58.39072726433748,282.6225274874788,2.4598715305620478,117.62252748747879
12965.452815497898,25.0,33.14356850712253,900.3121760888614,158048.22140466952,56.95079616722505,282.3689635256124,2.548344535858343,117.36896352561241
12932.973196163293,26.0,32.47961933460481,898.200805303807,157150.0205993657,55.94766233738934,282.1092857893349,2.6121908876222504,117.10928578933486
12901.212099498598,27.0,31.761096664694712,896.0507658175233,156253.96983354818,55.394212780079066,281.8460655626591,2.65029890501978,116.84606556265906
12870.193309989538,28.0,31.018789509060504,893.8722597743579,155360.09757377382,55.28400007329617,281.5818624150984,2.6626917039075773,116.58186241509839
12839.909997908315,29.0,30.283312081223762,891.6754322000546,154468.42214157377,55.59256257294705,281.3191176113346,2.6504673843253905,116.31911761133463
12810.326820600707,30.0,29.58317730760703,889.470881624559,153578.95125994922,56.27987457577918,281.06006096891474,2.615671324727024,116.06006096891473
12781.383639018426,31.0,28.943181582280374,887.2699231460605,152691.68133680316,57.29362895482615,280.80663615703713,2.56111653925102,115.8066361570371
12753.000413542053,32.0,28.383225476372193,885.0845090256147,151806.59682777754,58.57300448352534,280.56044744849294,2.490171507454874,115.56044744849295
12725.082770086465,33.0,27.91764345558816,882.9268161726177,150923.67001160493,60.05255087655084,280.32272882473154,2.406536594792737,115.32272882473154
12697.527716215256,34.0,27.55505387120861,880.8085956897608,150042.86141591516,61.66584518290008,280.09433432085757,2.3140295451507313,115.09433432085756
12670.229039548087,35.0,27.298676667169964,878.7404260324374,149164.12098988274,63.3486373832287,279.8757468377666,2.216397231278632,114.8757468377666
12643.082026310401,36.0,27.14701323768483,876.731013261651,148287.38997662108,65.04130227030016,279.6671015499975,2.117165333484315,114.66710154999751
12615.98727425646,37.0,27.09475205394208,874.7866488819907,147412.60332773908,66.69052866737456,279.4682195920475,2.019531044917253,114.46821959204748
12588.853514608138,38.0,27.133759648322783,872.9108854757853,146539.6924422633,68.25028170339988,279.2786478656348,1.926297704137059,114.27864786563482
12561.599478784103,39.0,27.254035824035455,871.1044404581774,145668.58800180512,69.68215062132201,279.097701419691,1.839845574899329,114.09770141969102
12534.154933155534,40.0,27.444545628568882,869.3653008081108,144799.22270099702,70.95523562491687,278.92450571044776,1.762130350611301,113.92450571044778
12506.461054611615,41.0,27.693878543919972,867.6889811308679,143931.53371986616,72.04573520236106,278.7580369607148,1.6947002567551916,113.75803696071476
12478.47033509102,42.0,27.990719520593373,866.0688823941942,143065.46483747195,72.93637921291298,278.59715966560424,1.638723366245644,113.59715966560422
12450.14619254582,43.0,28.32414254519884,864.4967044500846,142200.96813302187,73.61582340112028,278.44066095713345,1.5950183243512897,113.44066095713345
12421.462438192542,44.0,28.683754353277596,862.962876672847,141338.00525634902,74.07808678007807,278.287282013682,1.564083583355424,113.28728201368196
12392.40271336374,45.0,29.059724828803326,861.4569833220677,140476.54827302694,74.32208027980062,278.1357469868816,1.5461221273081371,113.13574698688161
12362.959969736736,46.0,29.44274362700322,859.9681707011257,139616.58010232582,74.35124605084461,277.98479003958914,1.5410603466833142,112.98479003958913
12333.136028099576,47.0,29.8239416371607,858.485530382563,138758.09457194325,74.17330270262644,277.833181070799,1.5485611420849155,112.83318107079904
12302.941215562916,48.0,30.194812536659377,856.9984563498667,137901.0961155934,73.80007241877307,277.6797505729994,1.5680324951156928,112.67975057299941
12272.394050908724,49.0,30.54716465419209,855.4969742340365,137045.59914135936,73.24735104992281,277.5234138495617,1.5986336542243658,112.52341384956169
12241.520924052324,50.0,30.87312685640043,853.9720387595254,136191.62710259983,72.53477200123298,277.3631945399554,1.639281736379128,112.36319453995536
12210.355699970029,51.0,31.16522408229473,852.4157922407579,135339.21131035907,71.68560958157411,277.1982470881528,1.6886619049627603,112.19824708815281
12178.939171586968,52.0,31.41652838306129,850.821773865095,134488.38953649398,70.72646841455636,277.0278774795958,1.7452442908612609,112.02787747959582
12147.318291439344,53.0,31.62088014762447,849.1850679518208,133639.20446854216,69.68681346815455,276.85156130534943,1.807310416961232,111.85156130534945
12115.545128978596,54.0,31.773162460747162,847.5023805216663,132791.70208802048,68.59831062170399,276.66895803196184,1.8729910367197788,111.66895803196182
12083.67552825296,55.0,31.869600725636346,845.7720378857389,131945.93005013475,67.49396972924501,276.47992030162425,1.9403160393914973,111.47992030162426
12051.76747659704,56.0,31.908051655918587,843.993908219468,131101.93614191527,66.4071086768245,276.28449718673426,2.007275527472252,111.28449718673428
12019.87923429626,57.0,31.88824230077917,842.1692559009226,130259.76688601435,65.37018440217155,276.08293058269163,2.0718895390939647,111.08293058269165
11988.067312223056,58.0,31.811922073203302,840.3005466902862,129419.46633932406,64.41356086304026,275.87564432409647,2.1322824250994783,110.87564432409646
11956.384413347316,59.0,31.6828988757406,838.3912273492148,128581.07511197485,63.564300266031054,275.66322610905974,2.1867568503269394,110.66322610905972
11924.877470142623,60.0,31.506943204693012,836.4455043378704,127744.62960763698,62.84506946611812,275.44640285263125,2.233861959508488,110.44640285263125
11893.58591070755,61.0,31.29155943507228,834.4681422637277,126910.16146537325,62.27324725632109,275.22601059519207,2.2724505070389043,110.2260105951921
11862.540271907057,62.0,31.045638800493133,832.4642947166334,126077.69717065663,61.8603013919257,275.0029605026165,2.301720647979505,110.00296050261646
11831.761250361686,63.0,30.779021545371506,830.439370134737,125247.25780052188,61.611479493434125,274.7782027656815,2.321239471694193,109.77820276568148
11801.259245691523,64.0,30.50200467016259,828.3989260595056,124418.85887446237,61.52582926097913,274.55269031194086,2.330947015677466,109.55269031194085
11771.03440989755,65.0,30.224835793973508,826.3485789012517,123592.51029556112,61.59653463135222,274.32734418201295,2.331141199308877,109.32734418201296
11741.077177006302,66.0,29.957232891247433,824.2939144970044,122768.21638106412,61.81152901494898,274.10302221166023,2.3224456636371684,109.10302221166023
11711.369212413601,67.0,29.707964592700712,822.2403873304085,121945.97599373371,62.15432710852667,273.88049233383265,2.3057637364652144,108.88049233383263
11681.884695049861,68.0,29.484517363740522,820.1932021342918,121125.78279159941,62.60500457420609,273.66041141323046,2.2822225569486143,108.66041141323043
11652.5918296038,69.0,29.292865446060656,818.1571788232019,120307.62561277622,63.14125071515501,273.44331009608203,2.253111740900305,108.44331009608204
11623.454481228784,70.0,29.137348375015506,816.1366083189524,119491.48900445727,63.73942281452665,273.2295837443294,2.2198208540780255,108.22958374432939
11594.433830664002,71.0,29.020650564782954,814.1351113086922,118677.35389314858,64.37554079352454,273.0194891640689,2.1837794481755495,108.0194891640689
11565.489961576051,72.0,28.94386908795123,812.1555135710203,117865.19837957756,65.0261753276864,272.8131465596897,2.146402611639795,107.81314655968967
11536.583311388422,73.0,28.90665018762873,810.19975030792,117054.99862926964,65.66919917839043,272.610545960993,2.1090440317454147,107.61054596099304
11507.675938819146,74.0,28.907372569275807,808.2688086425081,116246.72982062714,66.28438789634718,272.4115572804137,2.0729575965391356,107.41155728041369
11478.732582881028,75.0,28.943355938118074,806.3627130990866,115440.36710752804,66.85387027969315,272.2159431496355,2.0392677060538342,107.21594314963552
11449.721506896854,76.0,29.0110759841728,804.4805544643251,114635.88655306371,67.36243973050038,272.02337374010267,2.0089477947016543,107.02337374010264
11420.615135645678,77.0,29.106371251176895,802.6205586785683,113833.26599438515,67.79774441252175,271.83344286752003,1.9828061297493196,106.83344286752
11391.390503446017,78.0,29.224632199660224,800.7801897218311,113032.48580466332,68.15037700494989,271.6456847943109,1.9614777422868452,106.64568479431091
11362.029535905991,79.0,29.360967540025356,798.9562789141794,112233.52952574914,68.41388449130044,271.45959125740694,1.94542133492884,106.45959125740691
11332.519188890179,80.0,29.510347015811117,797.1451724880438,111436.38435326109,68.58471570241224,271.2746283478828,1.9349201450971378,106.27462834788281
11302.851465966385,81.0,29.667722923793207,795.3428894379848,110641.0414638231,68.6621202023864,271.09025294541595,1.9300859687948806,106.09025294541597
11273.023331343647,82.0,29.828134622738272,793.5452822251285,109847.49618159798,68.64800745739728,270.9059284610421,1.9308658144461848,105.90592846104207
11243.036530231686,83.0,29.986801111961967,791.7481936785618,109055.74798791941,68.54677081392232,270.72113966724885,1.9370509140118932,105.72113966724885
11212.897323667848,84.0,30.139206563836833,789.947604253532,108265.80038366588,68.36507722280925,270.5354063995758,1.9482880328405467,105.53540639957576
11182.616141017774,85.0,30.281182650075085,788.139764626867,107477.660619039,68.11162129433843,270.348295905514,1.9640931640663295,105.34829590551401
11152.207151180806,86.0,30.408989836967912,786.3213094544457,106691.33930958455,67.7968414011729,270.1594336030621,1.9838677513170853,105.1594336030621
11121.687753378854,87.0,30.51939780195288,784.489349040336,105906.84996054422,67.43259623158735,269.9685120017145,2.006917548819303,104.96851200171447
11091.077990349999,88.0,30.609763028854992,782.6415367257155,105124.2084238185,67.03180232787388,269.7752975413426,2.03247410514598,104.77529754134257
11060.399890585217,89.0,30.678099764781543,780.7761110137197,104343.43231280478,66.60803644100714,269.5796351262023,2.0597186611220075,104.57963512620226
11029.676751443465,90.0,30.723139141751677,778.8919127607023,103564.54040004408,66.17511054896345,269.3814501764925,2.0878080090811992,104.38145017649249
10998.932380841761,91.0,30.74437060170396,776.9883790799166,102787.55202096415,65.74663155893437,269.1807480895903,2.1159016028685036,104.18074808959028
10968.190320894148,92.0,30.74205994761332,775.0655167714333,102012.48650419273,65.33556142550724,268.9776110948181,2.14318897280279,103.97761109481807
10937.473081500088,93.0,30.71723939406089,773.1238589547373,101239.36264523798,64.95379608143821,268.77219259345316,2.1689163233010276,103.77219259345314
10906.80141469952,94.0,30.671666800568516,771.1644090152403,100468.19823622274,64.61178272969283,268.5647091910077,2.1924111025481428,103.56470919100771
10876.193661079393,95.0,30.607753620125713,769.1885759331906,99699.00966028955,64.31819441611313,268.355430741293,2.2131033517894716,103.35543074129299
10845.665197395554,96.0,30.528463683838165,767.1981045868869,98931.81155570266,64.07967836287933,268.14466882087714,2.230542770667368,103.14466882087716
10815.228009956356,97.0,30.4371874391981,765.1950038437406,98166.61655185893,63.90069050851159,267.9327641288555,2.2444106639573738,102.93276412885552
10784.890411603077,98.0,30.337598353278295,763.1814743626173,97403.43507749631,63.78342349043658,267.72007335333046,2.2545262407258444,102.72007335333045
10754.65691196485,99.0,30.233499638227066,761.159837229984,96642.27524026633,63.72782947748429,267.506956058783,2.2608470870249397,102.50695605878299
10724.528241858132,100.0,30.12867010671828,759.1324640029934,95883.14277626334,63.73173342030039,267.293762127248,2.263463991424313,102.29376212724802
10694.501524076712,101.0,30.026717781420228,757.1017085207774,95126.04106774257,63.7910270132989,267.0808202338717,2.2625906336325814,102.08082023387172
10664.570575143896,102.0,29.930948932815497,755.0698409652299,94370.97122677734,63.899929424542734,266.8684277598053,2.2585489202951017,101.86842775980527
10634.726316484912,103.0,29.844258658984604,753.0389850168272,93617.93224176051,64.05129796856309,266.6568424501549,2.2517509475447914,101.65684245015491
10604.95726932118,104.0,29.76904716373227,751.0110594196135,92866.9211823409,64.23697051243411,266.4462760204474,2.2426786762696724,101.44627602044736
10575.250105544843,105.0,29.707163776336568,748.9877256896805,92117.93345665121,64.44812148112308,266.23688981023173,2.23186242332884,101.23688981023172
10545.590226824248,106.0,29.65987872059446,746.9703439452329,91370.96311270598,64.67561467439444,266.0287924844554,2.219859209696002,101.0287924844554
10515.962345944788,107.0,29.627880879458733,744.9599388262549,90626.00317387973,64.91033842215589,265.8220396978627,2.207231881668081,100.8220396978627
10486.351047491595,108.0,29.611298453193267,742.9571771908091,89883.04599668892,65.14351152524733,265.6166355685539,2.1945297550849867,100.61663556855387
10456.741308947927,109.0,29.609738543668403,740.9623587605618,89142.08363792836,65.36695158454589,265.41253575557,2.1822713472537236,100.41253575556998
10427.118967630973,110.0,29.622341316953104,738.9754202153003,88403.10821771306,65.57330038375129,265.20965190159257,2.1709295773187036,100.20965190159254
10397.471123186444,111.0,29.647844444529895,736.9959524964265,87666.11226521664,65.756203706501,265.0078571837321,2.1609196493488985,100.0078571837321
10367.786469283314,112.0,29.68465390313009,735.0232303606989,86931.08903485593,65.91044517648183,264.80699271013975,2.152589694116348,99.80699271013974
10338.055551477059,113.0,29.73091780625547,733.0562525985889,86198.03278225735,66.03203534581846,264.6068745046108,2.146214140329518,99.60687450461081
10308.27095085006,114.0,29.78460062700012,731.0937908430856,85466.93899141427,66.11825834267825,264.40730083234484,2.1419897136339525,99.40730083234484
10278.427395004339,115.0,29.843555845719816,729.134444566963,84737.8045468473,66.16767900845834,264.208059634917,2.1400339175805905,99.20805963491699
10248.521799368513,116.0,29.905595635825627,727.1766997017089,84010.62784714559,66.18011373261005,264.00893585933636,2.140385827913283,99.00893585933638
10218.553242733607,117.0,29.96855663490515,725.2189882980967,83285.40885884748,66.1565682688332,263.80971848363464,2.1430090216947657,98.80971848363463
10188.522881617804,118.0,30.030361115803405,723.2597467677514,82562.14911207973,66.09914582334248,263.6102070593245,2.1477964578993007,98.61020705932452
10158.433808637026,119.0,30.089072980778013,721.2974704749139,81840.85164160482,66.01092875396243,263.4102176095073,2.154577119331749,98.41021760950731
10128.290860655025,120.0,30.142947982001175,719.3307627652875,81121.52087883954,65.89583738247288,263.2095877410346,2.1631242123002226,98.20958774103464
10098.100383184623,121.0,30.190477470402076,717.3583769016954,80404.16250193784,65.75846973491396,263.0081808507938,2.173164698062915,98.0081808507938
10067.869958337053,122.0,30.230424847570998,715.3792498012401,79688.7832521366,65.60392647606623,262.80588933068276,2.1843898989741963,97.80588933068276
10037.60810453886,123.0,30.261853798192565,713.3925269116196,78975.39072522499,65.43762584739781,262.60263670370637,2.196466885153011,97.60263670370637
10007.323957176664,124.0,30.28414736219629,711.3975780000345,78263.99314722496,65.26511397516096,262.3983786549495,2.209050308985959,97.39837865494951
9977.026940174808,125.0,30.297017001855853,709.3940040316414,77554.59914319332,65.09187639235464,262.1931029555088,2.2217943206554893,97.19310295550876
9946.726439128373,126.0,30.30050104643449,707.381635662899,76847.21750753043,64.9231569172601,261.9868283137685,2.2343641742775175,96.98682831376853
9916.431486876345,127.0,30.294952252027926,705.3605241507324,76141.8569833797,64.76379006628335,261.7796022251591,2.2464471266832637,96.7796022251591
9886.150472203062,128.0,30.281014673282662,703.3309256713007,75438.5260577084,64.61805288895609,261.5714979268369,2.2577622435018303,96.5714979268369
9855.890881636818,129.0,30.259590566244082,701.293280151938,74737.23277755646,64.48954147189339,261.36261059551987,2.268068762038187,96.36261059551987
9825.65908306051,130.0,30.231798576309686,699.2481857557214,74037.98459180075,64.38107637950428,261.15305295299083,2.277172717119107,96.15305295299086
9795.460158103582,131.0,30.198924956927826,697.1963701369659,73340.78822166378,64.29464003422133,260.9429504628361,2.284931611785347,95.94295046283612
9765.297788141748,132.0,30.16236996183335,695.1386595288358,72645.64956213495,64.23134757244753,260.7324363125768,2.2912570045177727,95.73243631257681
9735.174196326483,133.0,30.123591815265847,693.0759466522348,71952.57361548272,64.19145115099393,260.52164637685644,2.296114982159201,95.52164637685644
9705.090145561251,134.0,30.084050765232497,691.00915836509,71261.56445711762,64.17437613842365,260.31071434981254,2.299524585655805,95.31071434981254
9675.044989904314,135.0,30.04515565693711,688.9392239128736,70572.62523320474,64.17878621808816,260.0997672188864,2.3015543471118747,95.09976721888644
9645.036774666814,136.0,30.00821523750054,686.8670445963166,69885.75818860842,64.20267324996527,259.88892122937364,2.302317175220287,94.88892122937361
9615.062378621635,137.0,29.974396045178935,684.793465634898,69200.96472297353,64.24346685621543,259.678278460668,2.3019638871730113,94.678278460668
9585.117690337645,138.0,29.944688283988768,682.7192509639954,68518.24547200953,64.29815814910833,259.4679241033286,2.3006757258137216,94.4679241033286
9555.197809756039,139.0,29.91988058160665,680.6450616470164,67837.60041036252,64.3634318158678,259.2579244927707,2.298656220203733,94.2579244927707
9525.297265737256,140.0,29.90054401878288,678.5714385004973,67159.02897186202,64.43580088986418,259.04832592241706,2.296122746936436,94.04832592241706
9495.410240395335,141.0,29.88702534192176,676.4987894135189,66482.5301824485,64.51173892485828,258.8391542281416,2.293298130994377,93.8391542281416
9465.530791537176,142.0,29.87944885815924,674.4273816920885,65808.10280075642,64.58780488664017,258.63041510805743,2.2904025923026112,93.63041510805743
9435.653065352495,143.0,29.87772618468062,672.3573395795217,65135.74546117689,64.66075681565206,258.42209511801144,2.2876463015305433,93.42209511801146
9405.77149256227,144.0,29.881572790225754,670.2886469054134,64465.45681427148,64.7276511277254,258.21416326403005,2.2852227602898894,93.21416326403006
9375.880962437028,145.0,29.890530125241437,668.2211546116888,63797.23565965979,64.78592524868631,258.0065730985567,2.283303170413078,93.00657309855669
9345.976970359028,146.0,29.903992077999686,666.1545927087512,63131.08106695104,64.8334620756721,257.7992652174957,2.2820319075015796,92.79926521749572
9316.055735857453,147.0,29.92123450157431,664.0885860413134,62466.99248090973,64.8686354916147,257.5921700495077,2.2815231675590244,92.5921700495077
9286.11428924486,148.0,29.94144661259307,662.022673103217,61804.96980780651,64.89033681204126,257.3852108272548,2.281858813531078,92.38521082725481
9256.150526095757,149.0,29.963763149104548,659.9563270412916,61145.01348076522,64.89798261015659,257.17830663190665,2.283087411438387,92.17830663190666
9226.163229819595,150.0,29.98729627616183,657.8889779343467,60487.12450283088,64.89150485134599,256.9713754067352,2.285224413389046,91.97137540673523
9196.152063487287,151.0,30.011166332306892,655.8200354255059,59831.30446740537,64.87132468138843,256.7643368426535,2.288253416605932,91.7643368426535
9166.117532876031,152.0,30.034530611255544,653.7489108219363,59177.55555658343,64.83831156497324,256.55711504774547,2.292128403086057,91.55711504774546
9136.06092340744,153.0,30.05660946859187,651.6750378506948,58525.88051873274,64.79372977207333,256.34964092390476,2.2967768430859206,91.34964092390474
9105.984214272507,154.0,30.07670913493396,649.5978913660813,57876.28262736666,64.73917446486729,256.1418541863857,2.3021035269913273,91.14185418638564
9075.889973563271,155.0,30.094240709235955,647.5170034344342,57228.765623932224,64.67649984757047,255.93370497611,2.307994974290135,90.93370497611
9045.78123865905,156.0,30.108734904221592,645.4319763679526,56583.33364756427,64.60774200090924,255.72515502967704,2.314324255655692,90.72515502967704
9015.661386433423,157.0,30.11985222562646,643.3424924310427,55939.991155133226,64.53503912308739,255.51617838784216,2.320956055170689,90.51617838784215
8985.533998041927,158.0,30.127388391496794,641.2483200925775,55298.74283504065,64.46055192871584,255.30676163935203,2.327751795237334,90.30676163935203
8955.40272310381,159.0,30.131274938115556,639.1493168380905,54659.59351820256,64.38638690514625,255.09690371296716,2.3345746475045903,90.09690371296715
8925.271147990929,160.0,30.131575112882523,637.0454286815609,54022.548089521,64.3145249833481,254.88661524573178,2.3412942598267055,89.88661524573176
8895.14267267475,161.0,30.12847531617772,634.936686623154,53387.61140289785,64.24675794402536,254.67591756950827,2.3477910421910186,89.67591756950829
8865.020400159001,162.0,30.122272515750147,632.8232003849809,52754.788202512864,64.18463455154301,254.4648413699258,2.3539598736606586,89.4648413699258
8834.90704195036,163.0,30.11335820863961,630.70514982133,52124.08305269153,64.12941799801398,254.25342508170547,2.3597131171551053,89.25342508170546
8804.804842313686,164.0,30.102199636674307,628.5827744440239,51495.500278247506,64.08205576411893,254.04171309141464,2.364982858366532,89.04171309141464
8774.715523251129,165.0,30.089319062557728,626.4563615296466,50869.043916717856,64.04316248431535,253.82975382278994,2.3697223179103157,88.82975382278995
8744.640251274366,166.0,30.07527197676296,624.3262332858749,50244.71768343198,64.01301586851827,253.6175977807365,2.3739064202701337,88.6175977807365
8714.579626148326,167.0,30.06062512603923,622.1927335514624,49622.52494988052,63.99156520832207,253.40529562799577,2.377531537409327,88.40529562799577
8684.533690917477,168.0,30.04593523084928,620.0562144905448,49002.46873538998,63.97845151084225,253.19289636348304,2.3806144572787296,88.19289636348303
8654.501961723921,169.0,30.031729193556117,617.9170237181883,48384.55171167179,63.973037881630844,252.98044566377305,2.383190656219288,87.98044566377305
8624.483475226987,170.0,30.01848649693463,615.7754922612143,47768.776219410574,63.97444843914547,252.7679844396244,2.3853119780933865,87.76798443962441
8594.476850865562,171.0,30.006624361426393,613.6319237165453,47155.14429569403,63.981613799843736,252.55554764832226,2.387043840928158,87.55554764832225
8564.480364786585,172.0,29.996486078976343,611.4865849187858,46543.657710775246,63.99332103110071,252.34316339056994,2.388462103400528,87.34316339056994
8534.492032005146,173.0,29.98833278143805,609.3396983697978,45934.31801240545,64.00826592797337,252.13085230825715,2.3896497285582603,87.13085230825713
8504.509693262904,174.0,29.982338742241335,607.1914366164956,45327.126575788956,64.02510552252639,251.9186272872238,2.390693381071906,86.91862728722381
8474.531103102941,175.0,29.978590159962206,605.0419186904742,44722.08465709848,64.04250886941351,251.70649345761655,2.3916800876903204,86.70649345761655
8444.554015864396,176.0,29.977087238544634,602.891208646663,44119.19344845181,64.05920435389682,251.4944484739967,2.3926940792982645,86.4944484739967
8414.576266598362,177.0,29.97774926603427,600.7393161608178,43518.45413229099,64.07402202209698,251.28248304832556,2.393813918048857,86.28248304832556
8384.595844293872,178.0,29.980422304490656,598.5861990706476,42919.86793322035,64.08592972145036,251.0705817015354,2.3951099955022834,86.0705817015354
8354.61095525489,179.0,29.984889038982892,596.4317676761344,42323.43616554421,64.09406214658954,250.85872369372697,2.3966424685383614,85.85872369372697
8324.620074962508,180.0,29.990880292382414,594.2758905544092,41729.1602749898,64.09774219847432,250.64688408916274,2.398459679918225,85.64688408916274
8294.621987269458,181.0,29.998087693049744,592.1184015961768,41137.041873393624,64.09649437116961,250.43503491013226,2.4005970905122505,85.43503491013226
8264.615810287634,182.0,30.006176981824783,589.9591079362419,40547.08276545738,64.09005017212095,250.22314633337984,2.403076731009081,85.22314633337984
8234.601008827516,183.0,30.014801460118747,587.7977984314208,39959.28496702596,64.07834585118178,250.01118788399057,2.4059071628643887,85.01118788399057
8204.577393717866,184.0,30.023615109649974,585.6342523353736,39373.650714690586,64.06151295582646,249.799129584282,2.4090839217173157,84.79912958428203
8174.54510876377,185.0,30.03228495409488,583.4682478311208,38790.18246685946,64.03986244106716,249.58694301917518,2.4125904017936337,84.58694301917517
8144.504606482069,186.0,30.040502281700913,581.2995701068578,38208.882896752606,64.01386323959579,249.37460228452738,2.4163991271663705,84.37460228452737
8114.456614077881,187.0,30.047992404188008,579.1280186971626,37629.75487805544,63.98411633817407,249.1620847907971,2.420473345358778,84.16208479079712
8084.402091388106,188.0,30.054522689775162,576.9534138573282,37052.80146419811,63.95132550826507,248.94937190095237,2.4247688708267825,83.94937190095236
8054.3421827123775,189.0,30.059908675728302,574.7756017905886,36478.02586240752,63.91626590070574,248.73644938850015,2.4292361004986076,83.73644938850015
8024.2781645752175,190.0,30.064018137160243,572.5944586036206,35905.4314038039,63.87975173475767,248.5233077086641,2.4338221208935753,83.52330770866412
7994.211391512817,191.0,30.066773062401236,570.4098929221694,35335.02151088173,63.84260429082103,248.30994208282243,2.438472826454703,83.30994208282243
7964.14324195358,192.0,30.068149559236183,568.2218471534851,34766.79966372824,63.80562135420448,248.09635240310155,2.443134971604506,83.09635240310156
7934.0750661651255,193.0,30.068175788454596,566.0302974333839,34200.76936629486,63.76954915670609,247.88254297026847,2.44775808457455,82.88254297026847
7904.008138076146,194.0,30.066928088979818,563.8352523414824,33636.93411395338,63.73505772700559,247.6685220835629,2.4522961790672677,82.66852208356288
7873.943612556452,195.0,30.064525519694474,561.6367505073005,33075.29736344608,63.7027203952195,247.454301505681,2.456709209973929,82.454301505681
7843.882489462073,196.0,30.061123094378896,559.4348572617209,32515.86250618436,63.67299800814791,247.23989582961678,2.4609642312805757,82.23989582961678
7813.825585436441,197.0,30.056904025632345,557.229660512348,31958.63284567201,63.646228207704745,247.0253217763871,2.465036227438632,82.02532177638709
7783.7735141169815,198.0,30.052071319458754,555.021266037565,31403.611579634446,63.62261991456833,246.81059745376672,2.4689086032875487,81.81059745376673
7753.726675043724,199.0,30.04683907325787,552.8097924027307,30850.801787231714,63.60225295134476,246.5957416060421,2.4725733314884257,81.5957416060421
7723.685251217765,200.0,30.041423825959235,550.5953657033145,30300.2064215284,63.58508254341057,246.38077288351593,2.476030769758341,81.38077288351593
7693.649214927258,201.0,30.036036290506978,548.3781143343341,29751.828307194068,63.570948259228835,246.1657091581684,2.479289172422919,81.16570915816838
7663.618341160064,202.0,30.03087376719371,546.1581639737545,29205.67014322031,63.559586802196556,245.95056690864624,2.482363931440946,80.95056690864624
7633.592227666567,203.0,30.026113493496943,543.9356329501894,28661.734510270122,63.55064794823409,245.7353606937952,2.4852765907108405,80.73536069379519
7603.5703205319,204.0,30.021907134667092,541.7106281430059,28120.023882127116,63.54371284075966,245.52010272946882,2.488053683874591,80.52010272946882
7573.551943969646,205.0,30.018376562253003,539.483241536599,27580.540640590516,63.53831380884885,245.30480257855618,2.490725449846823,80.30480257855619
7543.536332961609,206.0,30.01561100803657,537.2535475210807,27043.287093069433,63.53395486482764,245.08946695927705,2.4933244818969182,80.08946695927703
7513.5226673402185,207.0,30.013665621390725,535.0216009999643,26508.26549206947,63.530132062172164,244.87409967200182,2.4958843653972003,79.87409967200183
7483.510105938712,208.0,30.012561401506577,532.7874363327448,25975.478055736723,63.52635294987153,244.65870164034433,2.498438356515171,79.65870164034433
7453.497819514231,209.0,30.012286424480415,530.5510671077783,25444.926988628944,63.52215444078789,244.44327105820372,2.501018149444254,79.4432710582037
7423.485021273585,210.0,30.012798240646944,528.312486709782,24916.61450191916,63.51711851375867,244.22780363092915,2.503652773560912,79.22780363092916
7393.470993992574,211.0,30.01402728101075,526.0716696177765,24390.542832301384,63.51088528662987,244.0122928959372,2.506367654523011,79.01229289593722
7363.455112908692,212.0,30.01588108388199,523.8285733444629,23866.71425895692,63.503163124440135,243.79673060599345,2.5091838651521043,78.79673060599346
7333.436863774563,213.0,30.01824913412932,521.5831409077739,23345.131118049147,63.4937355781571,243.5811071570078,2.5121175833321834,78.58110715700779
7303.415855676857,214.0,30.021008097705664,519.3353037103475,22825.7958143388,63.48246507964746,243.3654120415871,2.515179765451298,78.36541204158708
7273.391828443999,215.0,30.024027232858487,517.0849846933785,22308.71082964542,63.469293443398804,243.14963430971557,2.518376035424271,78.14963430971558
7243.364654677943,216.0,30.02717376605607,514.8321016278431,21793.87872801758,63.45423934094075,242.93376301874406,2.521706781344303,77.93376301874407
7213.334336643612,217.0,30.030318034331145,512.5765704083492,21281.30215760923,63.437393016585766,242.71778765629256,2.525167444561302,77.71778765629257
7183.300998428075,218.0,30.033338215536435,510.3183082224291,20770.9838493868,63.41890860029919,242.5016985216244,2.5287489796790066,77.50169852162439
7153.264873935158,219.0,30.036124492916848,508.0572364803538,20262.92661290645,63.398994443114944,242.28548705343061,2.5324384587652116,77.28548705343061
7123.226291405793,220.0,30.038582529364888,505.79328340669457,19757.133329499753,63.37790195106334,242.06914609466594,2.536219789102625,77.06914609466595
7093.185655247165,221.0,30.040636158626988,503.5263862139763,19253.606943285777,63.35591342423251,241.85267008798445,2.5400745111531995,76.85267008798444
7063.143426012747,222.0,30.042229234418176,501.25649279985475,18752.350450485923,63.333329418140224,241.6360551983192,2.5439826421041833,76.63605519831921
7033.100099400044,223.0,30.043326612702927,498.98356293130956,18253.366887554614,63.31045613549763,241.41929936212003,2.547923530403217,76.41929936212003
7003.05618512392,224.0,30.043914276124625,496.7075689014136,17756.6593186532,63.287593328787416,241.20240226559486,2.5518766880213875,76.20240226559484
6973.012186482373,225.0,30.043998641546324,494.4284956654354,17262.230822987767,63.265023149570375,240.98536525689704,2.555822569711633,75.98536525689704
6942.968581361585,226.0,30.043605120788463,492.1463404825898,16770.08448250518,63.243000321372264,240.76819119947015,2.5597432721176365,75.76819119947015
6912.9258053316835,227.0,30.042776029901606,489.86111210703564,16280.223370398144,63.22174394218746,240.55088427563436,2.5636231300598884,75.55088427563436
6882.884237368856,228.0,30.041567962827898,487.5728295862417,15792.650540811903,63.20143114327464,240.33344975091973,2.567449192474049,75.33344975091971
6852.844188608445,229.0,30.040048760411327,485.2815207362555,15307.369020075646,63.18219274648993,240.11589371058696,2.571211566072381,75.11589371058696
6822.80589439347,230.0,30.03829421497452,482.98722037151083,14824.381799704135,63.16411097650032,239.89822278021316,2.5749036205994122,74.89822278021316
6792.769509739562,231.0,30.036384653908865,480.6899683715236,14343.691831332611,63.14721920039447,239.68044384216597,2.5785220553141097,74.68044384216596
6762.7351081965435,232.0,30.03440154301828,478.3898076681962,13865.302023664415,63.131503588795276,239.46256375927294,2.582066831818684,74.46256375927292
6732.70268395447,233.0,30.03242424207361,476.0867822356292,13389.215241428787,63.11690652254884,239.24458911605763,2.5855409833555134,74.24458911605761
6702.672156922693,234.0,30.03052703177701,473.7809351595709,12915.434306269215,63.1033315098916,239.02652598662098,2.5889503150257562,74.026525986621
6672.643380408782,235.0,30.028776513910742,471.47230685624555,12443.96199941297,63.090649332556566,238.80837973666857,2.592303012901252,73.80837973666857
6642.6161509429685,236.0,30.02722946581372,469.1609335006868,11974.801065912283,63.07870510679279,238.59015486539852,2.595609182603528,73.59015486539853
6612.59021973542,237.0,30.02593120754853,466.8468457133218,11507.95422019896,63.06732592728044,238.37185489105912,2.5988803395539515,73.37185489105913
6582.565305219136,238.0,30.024914516284067,464.53006754089984,11043.42415265806,63.05632875830748,238.15348228203737,2.6021288737464343,73.15348228203736
6552.541106120543,239.0,30.02419909859253,462.2106157544671,10581.213536903593,63.04552824660844,237.93503843343615,2.6053675115904116,72.93503843343613
6522.517314512003,240.0,30.023791608539764,459.88849947349763,10121.325037430095,63.03474415269154,237.7165236873074,2.608608796186976,72.71652368730739
6492.493628333493,241.0,30.023686178510886,457.5637201120299,9663.761317318065,63.023808130611215,237.49793739309757,2.6118646054369594,72.49793739309759
6462.469762922103,242.0,30.023865411389718,455.2362716302343,9208.525045687831,63.01256962797147,237.2792780034834,2.615145724763169,72.27927800348338
6432.44546115454,243.0,30.02430176756323,452.9061410637059,8755.618904624125,63.00090072625118,237.0605431996687,2.618461488104243,72.06054319966869
6402.420501885899,244.0,30.024959268640064,450.57330929332335,8305.045595330801,62.98869979401239,236.84173003940768,2.6218194973590365,71.84173003940768
6372.394706453928,245.0,30.025795431971027,448.23775201104945,7856.807843319752,62.97589387986847,236.6228351205247,2.6252254267857915,71.62283512052471
6342.367943107836,246.0,30.026763346091965,445.89944083177693,7410.908402487975,62.962439826026156,236.40385475252185,2.628682915143951,71.40385475252187
6312.340129310857,247.0,30.027813796978926,443.55834449835146,6967.350057989624,62.9483241347108,236.18478512898784,2.632193544754482,71.18478512898784
6282.311231952573,248.0,30.028897358284816,441.21443012623985,6526.135627863384,62.93356166700393,235.96562249392377,2.6357569032797854,70.96562249392377
6252.281265587396,249.0,30.029966365177053,438.8676644358526,6087.267963427531,62.91819329499969,235.74636329575205,2.639370721002843,70.74636329575205
6222.250288886809,250.0,30.030976700586873,436.5180149240946,5650.749948503437,62.9022826624721,235.52700432363267,2.6430310738135807,70.52700432363267
6192.2183995526975,251.0,30.031889334112147,434.1654509320374,5216.584497571399,62.885912235511874,235.30754282173308,2.6467326400630906,70.3075428217331
6162.185727985763,252.0,30.03267156693393,431.8099445723613,4784.774552999038,62.8691788422671,235.08797657823274,2.650468997974685,70.08797657823274
6132.152430035435,253.0,30.03329795032843,429.4514714880353,4355.323081511003,62.85218890977779,234.86830398704106,2.6542329494321546,69.86830398704106
6102.118679175352,254.0,30.033750860083696,427.09001142220563,3928.233070088797,62.83505360604497,234.64852408141772,2.658016855703467,69.64852408141772
6072.084658451577,255.0,30.034020723774677,424.72554858805427,3503.5075215007428,62.81788408736294,234.42863653985648,2.6618129709827256,69.4286365398565
6042.050552539728,256.0,30.03410591184796,422.3580718360941,3081.1494496646487,62.80078703530533,234.20864166568555,2.6656137605029055,69.20864166568553
6012.016540223427,257.0,30.03401231630185,419.9875746246416,2661.161875040007,62.78386064559366,233.98854034280745,2.6694121913256286,68.98854034280745
5981.982787571463,258.0,30.033752651964544,417.61405480674125,2243.547820233266,62.767191203603794,233.76833397082015,2.6732019856742917,68.76833397082015
5951.949442046863,259.0,30.033345524600144,415.2375142533618,1828.3103059799043,62.75085034985794,233.5480243833986,2.6769778287525057,68.5480243833986
5921.916627729833,260.0,30.032814317029807,412.8579583380351,1415.4523476418692,62.73489310497926,233.3276137542639,2.6807355252812566,68.32761375426388
5891.884441780866,261.0,30.03218594896694,410.47539531213613,1004.9769523297331,62.71935668876232,233.1071044953097,2.684472101391283,68.1071044953097
5861.852952212602,262.0,30.03148956826406,408.08983560262135,596.8871167271118,62.70426013371428,232.88649915150125,2.6881858509176046,67.88649915150127
5831.822196981806,263.0,30.030755230795627,405.7012910652387,191.18582566187308,62.68960466103364,232.66580029701473,2.6918763274612654,67.66580029701473
5801.792184358405,264.0,30.03001262340047,403.3097742260321,-212.12394856415904,62.675374757752884,232.4450104367654,2.695544285718129,67.44501043676539
5771.7628944789885,265.0,30.029289879417256,400.9152975424733,-613.0392461066324,62.66153986872051,232.22413191700193,2.6991915774471513,67.22413191700193
5741.734281949305,266.0,30.028612529683134,398.5178727128966,-1011.557118819529,62.648056597042306,232.00316684805048,2.702821008997413,67.00316684805048
5711.706279325499,267.0,30.02800262380604,396.11751005926044,-1407.6746288787895,62.634871292095305,231.7821170416077,2.706436168487855,66.78211704160769
5681.678801278017,268.0,30.027478047482283,393.7142180038092,-1801.3888468825987,62.62192289555484,231.56098396423997,2.7100412315079843,66.56098396423997
5651.651749225968,269.0,30.02705205204893,391.30800265518286,-2192.6968495377814,62.60914591305562,231.3397687079808,2.713640754572399,66.33976870798078
5621.625016223199,270.0,30.0267330027688,388.8988675141536,-2581.595717051935,62.59647338191656,231.11847197816152,2.7172394655249317,66.11847197816152
5591.598491880241,271.0,30.02652434295735,386.4868133036898,-2968.082530355625,62.583839713342144,230.8970940978959,2.720842059674391,65.89709409789589
5561.572067117892,272.0,30.02642476234899,384.0718379226888,-3352.1543682783135,62.57118330003217,230.6756350279888,2.72445300969232,65.6756350279888
5531.545638567505,273.0,30.0264285503874,381.65393651769386,-3733.808304796007,62.558448796393954,230.45409440048223,2.728076396264532,65.45409440048223
5501.5191124588355,274.0,30.026526108669504,379.2331016624033,-4113.04140645841,62.54558899766178,230.23247156359895,2.7317157652223214,65.23247156359893
5471.492407867069,275.0,30.026704591765963,376.8093236309531,-4489.850730089363,62.53256626522516,230.01076563551362,2.735374015451338,65.01076563551362
5441.465459224868,276.0,30.026948642200793,374.382590747925,-4864.233320837288,62.51935346737586,229.78897556417556,2.739053320354503,64.78897556417556
5411.438218041322,277.0,30.027241183545364,371.95288979588975,-5236.186210633178,62.505934426547135,229.56710019032812,2.742755084097936,64.56710019032813
5381.410653805977,278.0,30.027564235345544,369.5202064600692,-5605.706417093247,62.49230388504154,229.34513831091527,2.7464799323605225,64.34513831091529
5351.382754091107,279.0,30.02789971487003,367.0845257894034,-5972.790942882651,62.47846702042516,229.12308874022236,2.7502277358983314,64.12308874022236
5321.354523897805,280.0,30.028230193302466,364.6458326538884,-6337.436775536539,62.46443855851954,228.90095036635697,2.75399766397652,63.90095036635697
5291.325984319992,281.0,30.028539577812754,362.2041121794359,-6699.640887715976,62.45024154570119,228.67872220101737,2.7577882636570314,63.67872220101736
5261.2971706242815,282.0,30.028813695710543,359.75935014359493,-7059.400237859571,62.43590585263007,228.4564034209015,2.761597560092986,63.45640342090148
5231.2681298619245,283.0,30.029040762357038,357.3115333181296,-7416.7117711777,62.42146648833527,228.23399339956086,2.7654231723921066,63.23399339956086
5201.238918141498,284.0,30.029211720426126,354.86064974753026,-7771.57242092523,62.406961806714726,228.01149172897533,2.7692624392823486,63.011491728975315
5171.209597697304,285.0,30.029320444194564,352.4066889558834,-8123.979109881114,62.392431687035184,227.78889823059953,2.773112548742391,62.788898230599536
5141.180233888761,286.0,30.029363808543188,349.9496420779882,-8473.928751959102,62.37791576617296,227.5662129560883,2.776970665936568,62.566212956088286
5111.150892260738,287.0,30.029341628022713,347.48950191402815,-8821.41825387313,62.3634517934652,227.34343617832687,2.7808340541973053,62.343436178326876
5081.121635784277,288.0,30.02925647646118,345.026262910346,-9166.444516783475,62.349074169604506,227.1205683737616,2.7847001843987695,62.12056837376161
5051.092522382295,289.0,30.029113401981252,342.55992107180384,-9509.00443785528,62.334812719547195,226.89761019732873,2.788566828827475,61.897610197328746
5021.063602826485,290.0,30.028919555810248,340.09047381373404,-9849.094911669014,62.32069173651372,226.67456245151126,2.7924321365379083,61.67456245151127
4991.034919070682,291.0,30.028683755803662,337.6179197635215,-10186.712831432535,62.30672932046552,226.45142605120478,2.7962946881400716,61.45142605120477
4961.0065030635715,292.0,30.028416007110806,335.1422585233446,-10521.85508995588,62.29293702057,226.22820198614556,2.8001535289564035,61.22820198614557
4930.97837606069,293.0,30.028127002881416,332.66349040651727,-10854.518580362397,62.27931977771524,226.00489128264735,2.804008180463903,61.004891282647364
4900.950548433307,294.0,30.027827627383047,330.18161616021195,-11184.70019652261,62.2658761506545,225.78149496631195,2.8078586308626448,60.781494966311946
4870.923019950857,295.0,30.027528482449224,327.6966366871195,-11512.39683320973,62.25259879832693,225.55801402723358,2.8117053064476143,60.55801402723357
4840.895780494935,296.0,30.027239455922135,325.2085527778694,-11837.6053859876,62.239475181698225,225.33444938901428,2.81554902617642,60.334449389014274
4810.868811147101,297.0,30.02696934783405,322.7173648648418,-12160.322750852441,62.22648844138282,225.1108018826623,2.819390942397103,60.110801882662294
4780.842085580449,298.0,30.026725566652583,320.2230728064382,-12480.54582365888,62.213618402523984,224.88707222616932,2.8232324711117855,59.88707222616934
4750.815571676277,299.0,30.026513904172273,317.72567570902316,-12798.271499367904,62.20084265598803,224.6632610102699,2.827075215394856,59.6632610102699
4720.789233282528,300.0,30.02633839374924,315.2251717916994,-13113.496671159603,62.18813766483779,224.43936869058956,2.8309208856581938,59.43936869058957
4690.763032029806,301.0,30.026201252722256,312.72155829693787,-13426.218229456541,62.175479847150434,224.21539558610274,2.834771220367186,59.21539558610274
4660.736929123599,302.0,30.026102906206702,310.21483144793973,-13736.433060904481,62.16284659031516,223.99134188355507,2.838627910573459,58.99134188355506
4630.710887037466,303.0,30.026042086133117,307.7049864515584,-14044.138047356038,62.150217157691,223.76720764727207,2.842492531262136,58.767207647272066
4600.684871040914,304.0,30.026015996551596,305.19201754373466,-14349.330064899774,62.1375734555778,223.5429928335812,2.8463664820366623,58.54299283358121
4570.658850506982,305.0,30.026020533931764,302.6759180727669,-14652.005982972541,62.12490063646707,223.31869730892558,2.850250939109406,58.31869730892557
4540.632799957461,306.0,30.026050549520512,300.15668061440806,-14952.162663586949,62.11218752309403,223.09432087064775,2.8541468199599787,58.09432087064775
4510.606699817651,307.0,30.026100139810122,297.6342971117923,-15249.79696069874,62.09942684650531,222.8698632693728,2.858054761394578,57.86986326937279
4480.58053686683,308.0,30.026162950821796,295.1087590325635,-15544.905719731305,62.086615299806475,222.6453242319189,2.8619751111170904,57.6453242319189
4450.554304384631,309.0,30.026232482199113,292.5800575353213,-15837.485777266626,62.07375341710996,222.4207034837106,2.865907932332543,57.420703483710604
4420.528002006649,310.0,30.0263023779819,290.04818363759426,-16127.53396090422,62.060845294164565,222.19600076975675,2.8698530203694697,57.19600076975675
4390.501635314328,311.0,30.02636669232075,287.5131283779798,-16415.0470892822,62.047898172965596,221.97121587337813,2.873809929849419,56.97121587337814
4360.475215194123,312.0,30.026420120205366,284.9748829658107,-16700.02197224801,62.03492191713757,221.74634863202004,2.8777780105647404,56.74634863202004
4330.44875700871,313.0,30.026458185412714,282.43343891267153,-16982.45541116068,62.02192840793506,221.52139894965418,2.881756449960385,56.521398949654184
4300.422279628488,314.0,30.026477380222463,279.8887881412384,-17262.34419930192,62.00893089227514,221.29636680545576,2.885744319957331,56.29636680545577
4270.395804374604,315.0,30.02647525388355,277.34092306819133,-17539.68512237011,61.995943314318524,221.07125225862313,2.8897406258050657,56.07125225862314
4240.369353925368,316.0,30.026450449235817,274.7898366592826,-17814.47495902939,61.98297966084036,220.84605544938535,2.893744354704113,55.846055449385354
4210.342951236178,317.0,30.026402689189855,272.23552245598273,-18086.710481485374,61.970053348112955,220.6207765964062,2.8977545220886016,55.6207765964062
4180.316618519324,318.0,30.026332716853744,269.6779745743993,-18356.388456059773,61.95717667444749,220.3954159909377,2.9017702136911674,55.39541599093769
4150.290376324436,319.0,30.02624219488838,267.11718767833236,-18623.505643738106,61.94436035812968,220.1699739881955,2.9057906218130993,55.1699739881955
4120.264242753324,320.0,30.026133571112492,264.55315692933857,-18888.058800667444,61.93161317548013,219.94445099652017,2.9098150745743148,54.94445099652017
4090.2382328349017,321.0,30.02600991842184,261.9858779174983,-19150.04467858494,61.918941708428356,219.7188474649484,2.913843057302152,54.71884746494841
4060.21235807719,322.0,30.025874757711808,259.4153465771874,-19409.46002516213,61.90635020556783,219.49316386984816,2.9178742256160737,54.49316386984816
4030.1866262044937,323.0,30.02573187269646,256.84155909253474,-19666.301584254667,61.893840555400395,219.26740070126948,2.9219084101590056,54.26740070126948
4000.1623520820012,324.0,30.0242741224924,254.26521278318344,-19920.56679703785,61.85226072968116,219.04172503041002,2.9237852183437227,54.041725030410014
3970.140131881509,325.0,30.02222020049208,251.68837322695384,-20172.2551702648,61.80404562371325,218.81620613184046,2.9247653764849795,53.81620613184045
3940.12005700083,326.0,30.020074880679104,249.1117897014879,-20421.36695996629,61.757649246033466,218.59085382838035,2.925617803319029,53.59085382838034
3910.102097021824,327.0,30.017959979005905,246.53554374768402,-20667.902503713973,61.712632144144145,218.36567509956785,2.9263789586387374,53.365675099567845
3880.086119196228,328.0,30.015977825596163,243.95968576265713,-20911.86218947663,61.668942083894585,218.14067623869926,2.9270574009986166,53.14067623869924
3850.071902109335,329.0,30.014217086893034,241.38426359588644,-21153.246453072516,61.62636311088166,217.9158624923003,2.9276664337343905,52.915862492300306
3820.059152629258,330.0,30.01274948007709,238.8093189744625,-21392.055772046977,61.58465687743391,217.69123786664034,2.9282219544293113,52.69123786664035
3790.0475248830257,331.0,30.011627746232,236.23488569665042,-21628.290657743626,61.54356801606665,217.4668050122157,2.9287414523079294,52.466805012215694
3760.036640177984,332.0,30.010884705041803,233.66098838190774,-21861.951646125533,61.50283761927716,217.24256517953907,2.9292430854617257,52.24256517953908
3730.026106926693,333.0,30.01053325129079,231.08764175939558,-22093.03928788493,61.46221441619592,217.01851824247126,2.929744800636587,52.01851824247126
3700.01553969526,334.0,30.01056723143291,228.51485047775427,-22321.554138362684,61.42146499948392,216.7946627832437,2.9302635233125,51.79466278324369
3670.0045765939035,335.0,30.01096310135657,225.94260940781538,-22547.4967477705,61.380382575629675,216.57099623093393,2.9308144499945357,51.57099623093394
3639.9928943549603,336.0,30.01168223894324,223.3709043888526,-22770.86765215935,61.33879396660853,216.34751504335966,2.931410467164796,51.34751504335967
3609.980220590488,337.0,30.01267376447222,220.7997133526338,-22991.667365511985,61.29656466482222,216.12421492112384,2.9320617141673018,51.12421492112383
3579.966342881063,338.0,30.013877709424946,218.22900774703152,-23209.896373259016,61.25360184567795,215.90109104189494,2.932775299769168,50.901091041894944
3549.9511145114166,339.0,30.015228369646813,215.65875417277454,-23425.55512743179,61.209855339399,215.67813830292909,2.9335551746936694,50.6781383029291
3519.93445682967,340.0,30.016657681746217,213.08891614319325,-23638.644043574983,61.16531665447974,215.45535156029953,2.9344021553621467,50.455351560299526
3489.9163583582963,341.0,30.018098471373726,210.51945587744268,-23849.163499452425,61.12001622577637,215.2327258542395,2.9353140876928014,50.23272585423951
3459.8968709205665,342.0,30.019487437729694,207.95033604237221,-24057.113835494798,61.07401912781569,215.0102566113511,2.9362861343171454,50.010256611351096
3429.8761031613385,343.0,30.020767759228107,205.38152136646923,-24262.495356861265,61.02741954644816,214.78793981609994,2.9373111641685483,49.787939816099936
3399.854211931829,344.0,30.02189122950957,202.81298006050363,-24465.308336921767,60.98033433816408,214.5657721459117,2.9383802201951337,49.5657721459117
3369.83139207214,345.0,30.022819859689136,200.2446849929126,-24665.55302191468,60.93289602569178,214.34375106620882,2.9394830390173596,49.34375106620881
3339.8078651615765,346.0,30.023526910563184,197.67661458280665,-24863.229636497486,60.88524558109354,214.12187488378046,2.940608595697896,49.12187488378046
3309.7838678153526,347.0,30.023997346224093,195.1087533889574,-25058.338389886445,60.83752533435741,213.90014275887063,2.9417456473724295,48.90014275887064
3279.759640088403,348.0,30.0242277269493,192.54109238848395,-25250.87948227493,60.78987231796876,213.6785546782127,2.9428832512086536,48.6785546782127
3249.735414505143,349.0,30.024225583260023,189.97362895349727,-25440.853111228425,60.74241231819255,213.4571113928615,2.9440112348760445,48.45711139286149
3219.7114061713905,350.0,30.024008333752718,187.40636654709186,-25628.25947777552,60.69525485430226,213.2358143260168,2.94512060124327,48.235814326016786
3189.687804345442,351.0,30.023601825948422,184.83931417130552,-25813.098791946824,60.64848925055842,213.0146654570494,2.9462038531673356,48.0146654570494
3159.664765753991,352.0,30.023038591451225,182.2724856086401,-25995.371277555463,60.602181905341034,212.7936671886107,2.9472552287755014,47.79366718861071
3129.6424098401294,353.0,30.022355913861585,179.7058985052152,-26175.077176060677,60.55637480048223,212.57282220401675,2.9482708423374353,47.572822204016745
3099.620816030031,354.0,30.021593810098143,177.13957334750444,-26352.21674940818,60.511085234406536,212.35213332205905,2.9492487304557247,47.35213332205906
3069.6000230068066,355.0,30.020793023224666,174.57353238589067,-26526.79028179407,60.466306707806126,212.13160335603104,2.9501888076574456,47.13160335603104
3039.5800298888507,356.0,30.019993117956076,172.00779855709578,-26698.798080351167,60.422010842520685,211.9112349831065,2.951092739362444,46.91123498310652
3009.560799129534,357.0,30.01923075931672,169.44239445410435,-26868.240474805272,60.378150174866505,211.69103062931782,2.9519637434825268,46.69103062931782
2979.5422608883523,358.0,30.01853824118203,166.8773413868112,-27035.117816192083,60.3346616351537,211.47099237430882,2.95280633445517,46.470992374308814
2949.5243185728614,359.0,30.017942315490746,164.31265856963947,-27199.430474761724,60.29147050627501,211.25112187884642,2.953626025262903,46.25112187884642
2919.5068552171983,360.0,30.01746335566287,161.7483624642103,-27361.178837225936,60.248494646223875,211.03142033682548,2.95442900390499,46.03142033682546
2889.4897403471023,361.0,30.017114870095888,159.184466296233,-27520.36330352217,60.20564876185218,210.81188845225728,2.9552218008829048,45.81188845225729
2859.472836982706,362.0,30.016903364395834,156.62097975657352,-27676.984283278744,60.16284853329058,210.59252644055,2.9560109635844642,45.59252644054999
2829.456008447701,363.0,30.01682853500528,154.05790888738204,-27831.042192166125,60.12001440900725,210.37333405231777,2.956802752085935,45.37333405231779
2799.4391246849214,364.0,30.01688376277975,151.4952561456265,-27982.537448311752,60.07707491894505,210.1543106170408,2.957602868945633,45.15431061704081
2769.4220678215593,365.0,30.017056863362296,148.93302062874332,-28131.470468940497,60.033969385812874,209.93545510316574,2.9584162331651473,44.93545510316574
2739.4047367792714,366.0,30.017331042287775,146.3711984406801,-28277.841667381177,59.99064995055269,209.71676619071457,2.9592468057856944,44.71676619071455
2709.3870507824395,367.0,30.017685996831734,143.80978317159332,-28421.65145055277,59.94708286538338,209.4982423521617,2.960097471712562,44.4982423521617
2679.3689516786703,368.0,30.018099103769,141.24876646101882,-28562.90021701379,59.903249044820804,209.27988193725022,2.9609699794630364,44.27988193725022
2649.3504050463257,369.0,30.018546632344595,138.68813861252207,-28701.58835562631,59.859143900019454,209.06168325753333,2.961864937746932,44.06168325753333
2619.3314001216495,370.0,30.01900492467603,136.12788922763355,-28837.716244853946,59.81477651321355,208.84364466673088,2.9627818652344273,43.843644666730874
2589.311948630467,371.0,30.019451491182473,133.56800782819096,-28971.284252682137,59.770168235746006,208.6257646334535,2.9637192876452563,43.6257646334535
2559.292082654402,372.0,30.019865976065475,131.00848443887966,-29102.292737121017,59.72535081425216,208.4080418034392,2.9646748744869136,43.40804180343921
2529.2718516975265,373.0,30.020230956875203,128.44931010556977,-29230.742047226588,59.6803641644106,208.19047504913118,2.9656456064340277,43.19047504913119
2499.251319145253,374.0,30.020532552273178,125.89047732973603,-29356.632524556324,59.63525392001069,207.9730635051647,2.9666279635081167,42.97306350516469
2469.2305583225343,375.0,30.020760822718593,123.33198040453387,-29479.96450496086,59.59006888694889,207.75580658908677,2.967618123893479,42.75580658908677
2439.2096483630944,376.0,30.020909959439766,120.77381564370151,-29600.73832060456,59.5448585274837,207.53870400736884,2.9686121633944027,42.53870400736885
2409.1886700958794,377.0,30.02097826721504,118.21598150008047,-29718.95430210464,59.4996705902424,207.32175574745625,2.9696062461626282,42.32175574745625
2379.167702140141,378.0,30.02096795573834,115.65847857592841,-29834.61278068057,59.45454898689278,207.10496205720182,2.9705967983451966,42.10496205720182
2349.14681737783,379.0,30.020884762311027,113.10130953210634,-29947.714090212678,59.40953199804962,206.88832341353023,2.971580657649205,41.88832341353022
2319.126079942838,380.0,30.020737434992004,110.54447890745944,-30058.25856912014,59.36465086997982,206.67184048255845,2.9725551934086374,41.671840482558444
2289.105542832887,381.0,30.020537109950897,107.98799286312675,-30166.246561983266,59.31992884115294,206.45551407364673,2.9735183934796554,41.45551407364672
2259.0852462133885,382.0,30.02029661949818,105.43185886900821,-30271.678420852273,59.27538061481625,206.23934508996973,2.97446891609328,41.23934508996972
2229.065216445288,383.0,30.020029768100176,102.87608535113468,-30374.554506203407,59.23101227165546,206.02333447818324,2.9754061065692032,41.02333447818325
2199.0454658325825,384.0,30.019750612705813,100.32068131922469,-30474.875187522633,59.18682159623129,205.80748317962662,2.9763299804595005,40.80748317962662
2169.025993051506,385.0,30.0194727810769,97.76565599331111,-30572.640843515943,59.142798773113135,205.5917920852595,2.9772411761740893,40.591792085259506
2139.0067841937503,386.0,30.019208857755743,95.21101844706376,-30667.851861963005,59.09892739413593,205.37626199620325,2.9781408813821897,40.37626199620327
2108.9878143316423,387.0,30.018969862107824,92.65677728343586,-30760.50863924644,59.05518570746051,205.16089359136146,2.9790307384419057,40.16089359136146
2078.9690494947777,388.0,30.018764836864744,90.10294035566488,-30850.611579602104,59.011548032384646,204.94568740315611,2.979912734756163,39.9456874031561
2048.9504489356736,389.0,30.01860055910417,87.54951454362339,-30938.161094145726,58.96798626118691,204.73064380195908,2.9807890842768106,39.73064380195907
2018.9319675566935,390.0,30.01848137898025,84.99650559221274,-31023.157599737937,58.92447137054283,204.5157629893442,2.9816621063852695,39.5157629893442
1988.9135583716084,391.0,30.01840918508515,82.44391801509661,-31105.60151775303,58.88097486991132,204.30104499985742,2.982534108087936,39.30104499985741
1958.895174882234,392.0,30.018383489374298,79.8917550637462,-31185.493272816777,58.83747012227543,204.08648971061734,2.98340727491076,39.08648971061736
1928.8767732628576,393.0,30.018401619376384,77.34001875867,-31262.833291575447,58.79393348314384,203.87209685773396,2.9842835751036776,38.87209685773397
1898.8583142617244,394.0,30.018459001133014,74.78870997695851,-31337.622001552405,58.750345216106034,203.6578660582771,2.9851646808230803,38.6578660582771
1868.8397647486108,395.0,30.018549513113577,72.23782858799694,-31409.8598301404,58.70669015676936,203.4437968363511,2.9860519089052344,38.4437968363511
1838.8210988593023,396.0,30.018665889308565,69.68737362746411,-31479.547203767866,58.66295811086645,203.22988865173542,2.986946182733148,38.229888651735415
1808.8022987104632,397.0,30.01880014883911,67.13734349859145,-31546.684547266457,58.619143986013675,203.016140929536,2.9878480155904508,38.016140929536
1778.7833546807688,398.0,30.018944029694524,64.58773618911715,-31611.272283455575,58.57524766938996,202.8025530893525,2.9887575148410623,37.802553089352514
1748.7642652752343,399.0,30.019089405534416,62.03854949242342,-31673.310832948,58.53127367493947,202.58912457259405,2.9896744053197573,37.58912457259404
1718.7450366085,400.0,30.01922866673438,59.489781221946295,-31732.800614169944,58.48723059313924,202.3758548667605,2.9905980695050616,37.3758548667605
1688.7256815586527,401.0,30.019355049847313,56.941429409032644,-31789.742043578975,58.44313038358625,202.16274352573575,2.991527601402155,37.16274352573574
1658.7062186554494,402.0,30.019462903203213,54.39349247590165,-31844.135536054877,58.39898755545266,201.94979018539695,2.9924618706094304,36.94979018539695
1628.686670775176,403.0,30.01954788027331,51.84596937715032,-31895.981505432028,58.354818283161876,201.7369945741197,2.9933995927876476,36.73699457411971
1598.667063718707,404.0,30.019607056469074,49.29885970521751,-31945.280365137245,58.31063950450714,201.5243565180339,2.9943394026945738,36.5243565180339
1568.6474247496765,405.0,30.01963896903053,46.75216375728053,-31992.032528894524,58.26646804603529,201.31187594114948,2.9952799260806366,36.311875941149495
1538.627781166283,406.0,30.019643583393506,44.20588256309637,-32036.23841145762,58.22231981611684,201.0995528607116,2.9962198470438697,36.09955286071161
1508.6081589735347,407.0,30.01962219274844,41.660017875220596,-32077.89842933284,58.17820910006491,200.88738737834976,2.997157967889797,35.88738737834976
1478.5893081011832,408.0,30.018850872351447,39.11502380470661,-32117.013453137544,58.117796170432285,200.67547310668795,2.9967705030901106,35.67547310668793
1448.5720472321955,409.0,30.017260868987684,36.57250891079518,-32153.58596204834,58.04004796763745,200.4639265655744,2.9947272265930196,35.46392656557441
1418.5570600167312,410.0,30.014987215464288,34.0343471759512,-32187.62030922429,57.945488731162236,200.25286658227301,2.9909884282234382,35.25286658227301
1388.5448470494537,411.0,30.01221296727742,31.502433317957472,-32219.122742542248,57.83452318517556,200.04241265868444,2.985537414508632,35.04241265868444
1358.5356921916652,412.0,30.009154857788364,28.978665261646285,-32248.101407803893,57.70744330494817,199.832684050191,2.978370548785076,34.832684050191
1328.5296394285922,413.0,30.00605276307297,26.464935977356582,-32274.56634378125,57.5643974577363,199.62379876564728,2.969498466170277,34.62379876564729
1298.5264809212292,414.0,30.003158507362887,23.96312433074701,-32298.529468112,57.405391831419294,199.41587256000284,2.9589462778512607,34.41587256000283
1268.5257561052342,415.0,30.00072481599508,21.475085656381328,-32320.00455376838,57.23029777935847,199.20901796126827,2.946753180289308,34.20901796126828
1238.5267611208803,416.0,29.998994984353946,19.002642416901903,-32339.00719618528,57.038864788912704,199.00334336556284,2.9329715777825434,34.00334336556284
1208.528567411811,417.0,29.99819370906935,16.547575248344224,-32355.554771433624,56.83073778947997,198.79895222829484,2.917665795299343,33.79895222829484
1178.5300479823024,418.0,29.998519429508683,14.111614653117194,-32369.66638608674,56.605477707574096,198.59594237314428,2.900910469347572,33.59594237314429
1148.5299095622452,419.0,30.000138420057226,11.696433556869655,-32381.36281964361,56.362584094388836,198.39440543363577,2.8827887127626255,33.39440543363576
1118.526728798949,420.0,30.00318076329616,9.303640893569922,-32390.66646053718,56.10151865489422,198.19442643512195,2.8633901515950595,33.19442643512197
1088.5189905713667,421.0,30.007738227582355,6.934776327779549,-32397.60123686496,55.821728567386124,197.99608351830614,2.842808929375055,32.99608351830612
1058.5051265959587,422.0,30.01386397540807,4.591306167178724,-32402.19254303214,55.522668593213886,197.799447799323,2.82114176661869,32.79944779932299
1028.4835526503045,423.0,30.02157394565416,2.274620464666377,-32404.467163496804,55.20382112638206,197.6045833561197,2.79848615239329,32.60458335611968
998.4527029639081,424.0,30.030849686396415,-0.013968739668833496,-32404.453194757134,54.864713509699854,197.4115473266018,2.774938731043599,32.4115473266018
968.5333341838415,425.0,29.919368780066623,-0.013968739668833496,-32404.439226017465,51.34079736762178,197.4115473266018,0.0,32.4115473266018
936.9919787315959,426.0,31.541355452245597,-0.013968739668833496,-32404.425257277795,47.545444269532936,197.4115473266018,0.0,32.4115473266018
903.8286366071712,427.0,33.163342124424574,-0.013968739668833496,-32404.411288538126,43.450091171444086,197.4115473266018,0.0,32.4115473266018
869.0433078105677,428.0,34.78532879660355,-0.013968739668833496,-32404.397319798456,39.05473807335524,197.4115473266018,0.0,32.4115473266018
832.6359923417853,429.0,36.40731546878253,-0.013968739668833496,-32404.383351058787,34.359384975266394,197.4115473266018,0.0,32.4115473266018
794.6066902008238,430.0,38.029302140961505,-0.013968739668833496,-32404.369382319117,29.364031877177545,197.4115473266018,0.0,32.4115473266018
754.9554013876833,431.0,39.65128881314048,-0.013968739668833496,-32404.355413579447,24.0686787790887,197.4115473266018,0.0,32.4115473266018
713.6821259023639,432.0,41.27327548531946,-0.013968739668833496,-32404.341444839778,18.473325680999853,197.4115473266018,0.0,32.4115473266018
670.7868637448654,433.0,42.895262157498436,-0.013968739668833496,-32404.32747610011,12.577972582911006,197.4115473266018,0.0,32.4115473266018
626.269614915188,434.0,44.51724882967741,-0.013968739668833496,-32404.31350736044,6.3826194848221585,197.4115473266018,0.0,32.4115473266018
580.1303794133315,435.0,46.13923550185639,-0.013968739668833496,-32404.29953862077,0,196.9675473266018,6.396992890969651,31.9675473266018
538.7661501302658,436.0,41.36422928306571,-0.013968739668833496,-32404.2855698811,0.0,196.5235473266018,6.411445433080904,31.5235473266018
502.19137960810207,437.0,36.57477052216378,-0.013968739668833496,-32404.27160114143,0.0,196.0829671789312,6.376357067867645,31.08296717893119
470.37097948162693,438.0,31.82040012647511,-0.013968739668833496,-32404.25763240176,0.0,195.7317008582339,5.092873825047402,30.731700858233882
442.02146650802024,439.0,28.349512973606682,-0.013968739668833496,-32404.24366366209,0.0,195.4690940366754,3.812549387235795,30.469094036675376
415.8625162494704,440.0,26.15895025854986,-0.013968739668833496,-32404.229694922422,0.0,195.27121231874355,2.8757757986703676,30.271212318743558
390.9573551174119,441.0,24.905161132058467,-0.013968739668833496,-32404.215726182752,0.0,195.11418021432212,2.2839531560082253,30.11418021432212
366.7141604691827,442.0,24.243194648229217,-0.013968739668833496,-32404.201757443083,0.0,194.9805287695315,1.9452256566441428,29.980528769531492
342.79420480541864,443.0,23.91995566376405,-0.013968739668833496,-32404.187788703413,0.0,194.8592216757313,1.7666593237099268,29.859221675731312
319.01892179318554,444.0,23.775283012233096,-0.013968739668833496,-32404.173819963744,0.0,194.74394234251344,1.6798676754269268,29.743942342513442
295.3015197842004,445.0,23.717402008985143,-0.013968739668833496,-32404.159851224074,0.0,194.63136086490132,1.6415030732336109,29.63136086490132
271.6036341762699,446.0,23.69788560793051,-0.013968739668833496,-32404.145882484405,0.0,194.51985875223778,1.626697224361693,29.519858752237766
247.91045912052212,447.0,23.69317505574779,-0.013968739668833496,-32404.131913744735,0.0,194.40872058142108,1.6223146031126312,29.40872058142108
224.21761199570798,448.0,23.692847124814133,-0.013968739668833496,-32404.117945005066,0.0,194.2976702529815,1.6219588404732157,29.297670252981494
200.5247370391881,449.0,23.69287495651989,-0.013968739668833496,-32404.103976265396,0.0,194.18662603979797,1.6227969776898017,29.18662603979796
176.83267238817905,450.0,23.692064651009062,-0.013968739668833496,-32404.090007525727,0.0,194.0755813076088,1.6237330867480853,29.07558130760878
153.14235415173908,451.0,23.69031823643995,-0.013968739668833496,-32404.076038786057,0.0,193.96455168599675,1.6244414692921798,28.964551685996764
129.45449071241234,452.0,23.687863439326744,-0.013968739668833496,-32404.062070046388,0.0,193.85355463152362,1.6248948422490241,28.853554631523632
105.76953544315565,453.0,23.684955269256694,-0.013968739668833496,-32404.04810130672,0.0,193.74260335410708,1.6251548588603018,28.742603354107068
82.08774836058028,454.0,23.68178708257537,-0.013968739668833496,-32404.03413256705,0.0,193.63170630824598,1.6252908103184034,28.63170630824597
58.409265416144336,455.0,23.67848294443594,-0.013968739668833496,-32404.02016382738,0.0,193.18770630824596,6.522154147788123,28.18770630824597
39.630949947317546,456.0,18.778315468826793,-0.013968739668833496,-32404.00619508771,0.0,192.74370630824598,6.537178433130994,27.743706308245972
25.767826239442773,457.0,13.863123707874774,-0.013968739668833496,-32403.99222634804,0.0,192.31950904047565,6.259391276486256,27.31950904047564
16.54210713587528,458.0,9.225719103567492,-0.013968739668833496,-32403.97825760837,0.0,191.98179987804545,4.991951528414141,26.981799878045454
10.686352888542954,459.0,5.855754247332326,-0.013968739668833496,-32403.9642888687,0.0,191.72712821247953,3.769507713938312,26.727128212479524
6.9781196829699645,460.0,3.708233205572989,-0.013968739668833496,-32403.95032012903,0.0,191.53311568944858,2.8745738139836656,26.533115689448582
4.522473619201666,461.0,2.4556460637682984,-0.013968739668833496,-32403.936351389362,0.0,191.37776711614802,2.3035803270654256,26.377767116148018
2.748421210319818,462.0,1.7740524088818477,-0.013968739668833496,-32403.922382649693,0.0,191.24486093011188,1.9721638625044473,26.244860930111884
1.3245459917634428,463.0,1.4238752185563752,-0.013968739668833496,-32403.908413910023,0.0,191.12400345196565,1.7945099426259297,26.124003451965656
0.07319404365402238,464.0,1.2513519481094204,-0.013968739668833496,-32403.894445170354,0.0,191.00914502956311,1.7064605835384095,26.009145029563104